Data_Venda;Moeda;Quantidade;Data_Aquisição;Custo_Aquisição;Valor_Venda;Status
2021-01-20;ADA;118,9;2019-07-02;0,0;35,41;OK
2021-01-20;ADA;45,5;2019-07-02;0,0;13,55;OK
2021-01-20;ADA;35,6;2019-07-02;0,0;10,6;OK
2021-02-14;ADA;23,7;2019-07-02;0,0;35,28;OK
2021-02-14;ADA;25,0;2019-07-02;0,0;35,28;OK
2021-02-20;ADA;51,6;2019-07-02;0,0;93,01;OK
2021-02-20;ADA;209,4;2019-07-02;0,0;377,44;OK
2021-02-20;ADA;260,8;2019-07-02;0,0;470,44;OK
2021-02-20;ADA;16,7;2019-07-02;0,0;470,44;OK
2021-02-20;ADA;27,7;2019-07-02;0,0;112,17;OK
2021-02-20;ADA;73,0;2019-07-02;0,0;112,17;OK
2021-02-20;ADA;27,7;2019-07-02;0,0;112,17;OK
2021-02-20;ADA;76,7;2019-07-02;0,0;166,77;OK
2021-02-20;ADA;114,2;2019-07-02;0,0;166,77;OK
2021-02-20;ADA;16,8;2019-07-02;0,0;2945,06;OK
2021-02-20;ADA;228,9;2019-07-02;0,0;2945,06;OK
2021-02-20;ADA;747,7;2019-07-02;0,0;2945,06;OK
2021-02-20;ADA;1482,8;2019-07-02;0,0;1836,62;OK
2021-02-20;ADA;161,8;2019-07-02;0,0;200,41;OK
2021-02-20;ADA;40,0;2019-07-02;0,0;49,54;OK
2021-02-20;ADA;46,0;2019-07-02;0,0;56,98;OK
2021-02-20;ADA;151,4;2019-07-02;0,0;187,53;OK
2021-02-20;ADA;495,7;2019-07-02;0,0;613,98;OK
2021-02-20;ADA;38,1;2019-07-02;0,0;33,28;OK
2021-02-20;ADA;33,7;2019-07-02;0,0;231,86;OK
2021-02-20;ADA;38,1;2019-07-02;0,0;231,86;OK
2021-02-20;ADA;33,6;2019-07-02;0,0;231,86;OK
2021-02-20;ADA;38,1;2019-07-02;0,0;231,86;OK
2021-02-20;ADA;60,5;2019-07-02;0,0;231,86;OK
2021-02-20;ADA;33,6;2019-07-02;0,0;231,86;OK
2021-02-20;ADA;27,8;2019-07-02;0,0;231,86;OK
2021-02-20;ADA;8,0;2019-07-02;0,0;3388,29;OK
2021-02-20;ADA;19,8;2019-07-02;0,0;8386,01;OK
2021-02-20;ADA;436,4;2019-07-02;0,0;611,92;OK
2021-02-20;ADA;156,0;2019-07-02;0,0;218,74;OK
2021-02-20;ADA;250,0;2019-07-02;0,0;350,55;OK
2021-02-20;ADA;99,7;2019-07-02;0,0;139,8;OK
2021-02-20;ADA;237,3;2019-07-02;0,0;332,74;OK
2021-02-20;ADA;52,3;2019-07-02;0,0;73,34;OK
2021-02-20;ADA;2868,6;2019-07-02;0,0;4022,36;OK
2021-02-20;ADA;45,6;2019-07-02;0,0;63,94;OK
2021-02-20;ADA;205,9;2019-07-02;0,0;288,71;OK
2021-02-20;ADA;2500,0;2019-07-02;0,0;3505,51;OK
2021-02-20;ADA;52,8;2019-07-02;0,0;74,04;OK
2021-02-20;ADA;322,7;2019-07-02;0,0;452,49;OK
2021-02-20;ADA;150,1;2019-07-02;0,0;210,47;OK
2021-02-20;ADA;150,0;2019-07-02;0,0;210,33;OK
2021-02-20;ADA;712,0;2019-07-02;0,0;998,37;OK
2021-02-20;ADA;118,9;2019-02-19;0,0;166,72;OK
2021-02-20;ADA;38,7;2019-02-19;0,0;54,27;OK
2021-02-20;ADA;6,8;2019-02-19;0,0;1041,16;OK
2021-02-20;ADA;70,1;2019-02-19;0,0;10733,14;OK
2021-02-20;ADA;2429,9;2019-02-19;0,0;5782,09;OK
2021-02-20;ADA;51,6;2019-02-19;0,0;122,79;OK
2021-02-20;ADA;2466,6;2019-02-19;0,0;5869,42;OK
2021-02-20;ADA;27,8;2019-02-19;0,0;11774,3;OK
2021-03-31;BNB;26,998428;2019-01-28;0,0;9951,6;OK
2021-03-31;BNB;3,130572;2019-01-28;0,0;1153,93;OK
2021-03-31;BNB;0,793428;2019-01-28;0,0;635,24;OK
2021-03-31;BNB;13,077572;2019-04-19;0,0;10470,28;OK
2021-04-02;BTC;0,000371;2019-07-18;0,0;952,48;OK
2021-04-02;BTC;0,000649;2019-07-18;0,0;952,48;OK
2021-04-02;BTC;0,000648;2019-07-18;0,0;952,48;OK
2021-04-02;BTC;0,000648;2019-07-18;0,0;952,48;OK
2021-04-02;BTC;0,008178;2019-07-18;0,0;952,48;OK
2021-04-02;BTC;0,008432;2019-07-18;0,0;952,48;OK
2021-04-02;BTC;0,008432;2019-07-18;0,0;4080,16;OK
2021-04-02;BTC;0,008432;2019-07-18;0,0;4080,16;OK
2021-04-02;BTC;0,000992;2019-07-18;0,0;4080,16;OK
2021-04-02;BTC;0,006486;2019-07-18;0,0;4080,16;OK
2021-04-02;BTC;0,006486;2019-07-18;0,0;4080,16;OK
2021-04-02;BTC;0,001943;2019-07-18;0,0;157,78;OK
2021-04-02;BTC;0,006118;2019-07-18;0,0;496,8;OK
2021-04-02;BTC;0,042185;2019-07-18;0,0;3425,58;OK
2021-04-02;ETH;0,17914776;2019-02-19;0,0;1268,19;OK
2021-04-02;ETH;0,31463224;2019-02-19;0,0;2227,29;OK
2021-04-02;ETH;0,28836;2019-02-19;0,0;3495,48;OK
2021-04-02;ETH;0,35893;2019-02-19;0,0;3495,48;OK
2021-04-02;ETH;0,21424264;2019-02-19;0,0;2086,43;OK
2021-04-02;ETH;0,14468736;2019-02-19;0,0;1409,05;OK
2021-04-02;ETH;0,5;2019-02-19;0,0;3495,48;OK
2021-04-02;ADA;732,3;2019-02-19;0,0;3077,67;OK
2021-04-02;ADA;55,7;2019-02-19;0,0;418,42;OK
2021-04-02;ADA;161,8;2019-02-19;0,0;1215,44;OK
2021-04-02;ADA;40,0;2019-02-19;0,0;300,48;OK
2021-04-02;ADA;46,0;2019-02-19;0,0;345,55;OK
2021-04-02;ADA;106,2;2019-02-19;0,0;797,78;OK
2021-04-02;ADA;45,2;2019-02-19;0,0;249,26;OK
2021-04-02;ADA;512,9;2019-02-19;0,0;2828,41;OK
2021-04-02;ADA;294,3;2019-02-19;0,0;2874,51;OK
2021-04-02;ADA;20,8;2019-02-19;0,0;203,16;OK
2021-04-02;ADA;435,4;2019-02-19;0,0;2192,44;OK
2021-04-02;ADA;156,0;2019-02-19;0,0;785,53;OK
2021-04-02;ADA;19,8;2019-02-19;0,0;99,7;OK
2021-04-02;ADA;230,2;2019-02-19;0,0;1896,36;OK
2021-04-02;ADA;99,7;2019-02-19;0,0;821,32;OK
2021-04-02;ADA;43,7;2019-02-19;0,0;360,0;OK
2021-04-18;ADA;52,8;2019-02-19;0,0;770,84;OK
2021-04-18;ADA;322,7;2019-02-19;0,0;4711,18;OK
2021-04-18;ADA;150,1;2019-02-19;0,0;2191,35;OK
2021-04-18;ADA;150,0;2019-02-19;0,0;2189,89;OK
2021-04-18;ADA;367,6;2019-02-19;0,0;5366,68;OK
2021-04-18;ADA;94,9;2019-02-19;0,0;15229,93;OK
2021-04-18;ADA;249,5;2019-02-19;0,0;12666,23;OK
2021-04-18;ADA;50,5;2019-02-19;0,0;2563,71;OK
2021-04-18;ADA;68,4;2019-02-19;0,0;848,24;OK
2021-04-18;ADA;45,5;2019-02-19;0,0;564,26;OK
2021-04-18;ADA;1114,2;2019-02-19;0,0;13817,43;OK
2021-04-18;ADA;1385,8;2019-02-19;0,0;12461,26;OK
2021-04-18;ADA;51,6;2019-02-19;0,0;463,99;OK
2021-04-18;ADA;256,3;2019-02-19;0,0;2304,68;OK
2021-04-18;ADA;3026,1;2019-02-19;0,0;4583,11;OK
2021-04-18;ADA;161,8;2019-02-19;0,0;245,05;OK
2021-04-18;ADA;40,0;2019-02-19;0,0;60,58;OK
2021-04-18;ADA;46,0;2019-02-19;0,0;69,67;OK
2021-04-18;ADA;151,4;2019-02-19;0,0;229,3;OK
2021-04-18;ADA;807,2;2019-02-19;0,0;1222,53;OK
2021-04-18;ADA;456,2;2019-02-19;0,0;690,93;OK
2021-04-18;ADA;156,0;2019-02-19;0,0;236,27;OK
2021-04-18;ADA;250,0;2019-02-19;0,0;378,63;OK
2021-04-18;ADA;99,7;2019-02-19;0,0;151,0;OK
2021-04-18;ADA;237,3;2019-02-19;0,0;359,4;OK
2021-04-18;ADA;52,3;2019-02-19;0,0;79,21;OK
2021-04-18;ADA;2868,6;2019-02-19;0,0;4344,57;OK
2021-04-18;ADA;45,6;2019-02-19;0,0;69,06;OK
2021-04-18;ADA;205,9;2019-02-19;0,0;311,84;OK
2021-04-18;ADA;1451,8;2019-02-19;0,0;2198,79;OK
2021-04-18;ADA;94,9;2019-02-19;0,0;15229,93;OK
2021-04-19;VET;400,0;2020-07-16;0,0;79,96;OK
2021-04-19;VET;400,0;2020-07-16;0,0;79,96;OK
2021-04-19;VET;400,0;2020-07-16;0,0;79,96;OK
2021-04-19;VET;400,0;2020-07-16;0,0;79,96;OK
2021-04-19;VET;19431,0;2020-07-16;0,0;3884,26;OK
2021-04-19;VET;14712,0;2020-07-16;0,0;2940,93;OK
2021-04-19;VET;400,0;2020-07-16;0,0;79,96;OK
2021-04-19;VET;400,0;2020-07-16;0,0;79,96;OK
2021-04-19;VET;1002,0;2019-07-10;0,0;200,3;OK
2021-04-19;VET;13207,4;2019-07-10;0,0;2640,16;OK
2021-04-19;ADA;19,3;2019-02-19;0,0;58,61;OK
2021-04-19;ADA;19,1;2019-02-19;0,0;58,61;OK
2021-04-19;ADA;19,1;2019-02-19;0,0;58,61;OK
2021-04-19;ADA;895,8;2019-02-19;0,0;919,75;OK
2021-04-19;ADA;52,8;2019-02-19;0,0;54,21;OK
2021-04-19;ADA;322,7;2019-02-19;0,0;331,33;OK
2021-04-19;ADA;150,1;2019-02-19;0,0;154,11;OK
2021-04-19;ADA;150,0;2019-02-19;0,0;154,01;OK
2021-04-19;ADA;712,0;2019-02-19;0,0;731,04;OK
2021-04-19;ADA;118,9;2019-02-19;0,0;122,08;OK
2021-04-19;ADA;45,5;2019-02-19;0,0;46,72;OK
2021-04-19;ADA;225,4;2019-02-19;0,0;231,43;OK
2021-04-19;ADA;19,3;2019-02-19;0,0;2744,68;OK
2021-05-06;ADA;51,6;2019-02-19;0,0;71,35;OK
2021-05-06;ADA;1514,4;2019-02-19;0,0;2093,96;OK
2021-05-07;AVAX;21,0;2021-01-24;0,0;740,14;OK
2021-05-07;AVAX;0,8;2021-01-24;0,0;28,2;OK
2021-05-07;AVAX;21,0;2019-03-18;0,0;740,14;OK
2021-05-07;AVAX;0,8;2019-03-18;0,0;28,2;OK
2021-05-07;AVAX;3,474;2019-03-18;0,0;122,44;OK
2021-05-09;ADA;1058,36;2019-02-19;0,0;11284,46;OK
2021-05-09;ADA;709,64;2019-02-19;0,0;1412,08;OK
2021-05-09;ADA;161,8;2019-02-19;0,0;321,96;OK
2021-05-09;ADA;40,0;2019-02-19;0,0;79,59;OK
2021-05-09;ADA;46,0;2019-02-19;0,0;91,53;OK
2021-05-09;ADA;151,4;2019-02-19;0,0;301,26;OK
2021-05-09;ADA;807,2;2019-02-19;0,0;1606,21;OK
2021-05-09;ADA;456,2;2019-02-19;0,0;907,77;OK
2021-05-09;ADA;156,0;2019-02-19;0,0;310,42;OK
2021-05-09;ADA;250,0;2019-02-19;0,0;497,46;OK
2021-05-09;ADA;99,7;2019-02-19;0,0;198,39;OK
2021-05-09;ADA;237,3;2019-02-19;0,0;472,19;OK
2021-05-09;ADA;52,3;2019-02-19;0,0;104,07;OK
2021-05-09;ADA;2503,46;2019-02-19;0,0;4981,52;OK
2021-05-09;ADA;365,14;2019-02-19;0,0;3244,42;OK
2021-05-09;ADA;45,6;2019-02-19;0,0;405,17;OK
2021-05-09;ADA;205,9;2019-02-19;0,0;1829,5;OK
2021-05-09;ADA;653,36;2019-02-19;0,0;5805,37;OK
2021-05-09;ADA;0,64;2019-02-19;0,0;0,9;OK
2021-05-15;ADA;998,93;2019-02-19;0,0;2018,4;OK
2021-05-15;ADA;6,01;2019-02-19;0,0;2018,4;OK
2021-05-15;ADA;131,0;2019-02-19;0,0;2018,4;OK
2021-05-15;ADA;63,71;2019-02-19;0,0;2018,4;OK
2021-05-15;ADA;0,35;2019-02-19;0,0;2018,4;OK
2021-05-20;VET;400,0;2019-07-10;0,0;266,93;OK
2021-05-20;VET;400,0;2019-07-10;0,0;266,93;OK
2021-05-20;VET;400,0;2019-07-10;0,0;266,93;OK
2021-05-20;VET;400,0;2019-07-10;0,0;266,93;OK
2021-05-20;VET;3275,26;2019-07-10;0,0;2185,62;OK
2021-05-20;VET;5640,29;2019-07-10;0,0;3253,32;OK
2021-05-20;VET;4000,0;2019-07-10;0,0;3253,32;OK
2021-05-20;VET;849,44;2019-07-10;0,0;3253,32;OK
2021-05-20;VET;5666,01;2019-07-10;0,0;1392,35;OK
2021-05-20;VET;7573,0;2019-07-10;0,0;1860,97;OK
2021-05-20;AVAX;17,526;2019-03-18;0,0;440,39;OK
2021-05-20;AVAX;0,8;2019-03-18;0,0;20,1;OK
2021-05-20;AVAX;59,7;2021-01-25;0,0;1500,12;OK
2021-05-20;AVAX;59,7;2019-03-18;0,0;1500,12;OK
2021-05-20;AVAX;27,0;2021-01-25;0,0;678,45;OK
2021-05-20;AVAX;8,6;2021-01-25;0,0;216,1;OK
2021-05-20;AVAX;29,3;2021-01-25;0,0;736,24;OK
2021-05-20;AVAX;12,332;2021-01-25;0,0;309,88;OK
2021-05-20;AVAX;22,895;2021-01-25;0,0;5401,4;OK
2021-05-20;XRP;72,9;2019-05-29;0,0;89,5;OK
2021-05-20;XRP;285,5;2019-01-28;0,0;350,52;OK
2021-05-20;XRP;142,7;2019-01-28;0,0;175,2;OK
2021-05-20;XRP;72,9;2019-01-28;0,0;89,5;OK
2021-05-20;XRP;285,5;2019-01-28;0,0;350,52;OK
2021-05-20;XRP;142,7;2019-01-28;0,0;175,2;OK
2021-05-20;XRP;72,9;2019-01-28;0,0;89,5;OK
2021-05-20;XRP;285,5;2019-01-28;0,0;350,52;OK
2021-05-20;XRP;138,68;2019-01-28;0,0;170,26;OK
2021-05-20;XRP;4,02;2019-01-28;0,0;25,01;OK
2021-05-20;XRP;72,9;2019-01-28;0,0;453,55;OK
2021-05-20;XRP;79,0;2019-05-29;0,0;491,5;OK
2021-05-20;XRP;112,5;2019-05-29;0,0;699,92;OK
2021-05-20;XRP;27,45;2019-01-28;0,0;170,78;OK
2021-05-21;THETA;3,0;2021-04-05;0,0;26,51;OK
2021-05-21;THETA;3,0;2019-07-18;0,0;26,51;OK
2021-05-21;THETA;56,0;2021-04-05;0,0;494,83;OK
2021-05-21;THETA;56,0;2019-07-18;0,0;494,83;OK
2021-05-21;THETA;49,6;2021-04-05;0,0;438,28;OK
2021-05-21;THETA;49,6;2019-04-10;0,0;438,28;OK
2021-05-21;THETA;346,978;2021-04-05;0,0;3066,01;OK
2021-05-21;THETA;48,522;2021-04-05;0,0;763,26;OK
2021-05-21;THETA;268,4;2019-04-10;0,0;4222,0;OK
2021-05-23;LINK;21,0;2019-08-09;0,0;352,48;OK
2021-05-23;LINK;29,0;2019-08-09;0,0;486,76;OK
2021-05-23;LINK;50,0;2019-08-09;0,0;841,05;OK
2021-05-23;LINK;50,0;2019-08-09;0,0;833,8;OK
2021-05-23;LINK;50,0;2019-08-09;0,0;837,25;OK
2021-05-23;LINK;50,0;2019-08-09;0,0;837,8;OK
2021-05-23;ETH;2,5;2019-02-19;0,0;4431,8;OK
2021-05-23;ETH;0,9625602;2019-02-19;0,0;1710,3;OK
2021-05-23;ETH;0,019277;2019-02-19;0,0;34,25;OK
2021-05-23;ETH;0,27064796;2019-02-19;0,0;480,89;OK
2021-05-23;ETH;0,17914776;2019-02-19;0,0;318,31;OK
2021-05-23;ETH;1,06836708;2019-05-21;0,0;1898,3;OK
2021-05-23;ADA;27,21;2019-02-19;0,0;53,83;OK
2021-05-23;ADA;23,58;2019-02-19;0,0;53,83;OK
2021-05-23;ADA;271,91;2019-02-19;0,0;1557,64;OK
2021-05-23;ADA;150,1;2019-02-19;0,0;859,85;OK
2021-05-23;ADA;150,0;2019-02-19;0,0;859,28;OK
2021-05-23;ADA;712,0;2019-02-19;0,0;4078,69;OK
2021-05-23;ADA;118,9;2019-02-19;0,0;681,12;OK
2021-05-23;ADA;45,5;2019-02-19;0,0;260,65;OK
2021-05-23;ADA;1340,02;2019-02-19;0,0;7676,31;OK
2021-05-23;ADA;1159,98;2019-02-19;0,0;2039,79;OK
2021-05-23;ADA;51,6;2019-02-19;0,0;90,74;OK
2021-05-23;ADA;3282,4;2019-02-19;0,0;5771,99;OK
2021-05-23;ADA;161,8;2019-02-19;0,0;284,52;OK
2021-05-23;ADA;40,0;2019-02-19;0,0;70,34;OK
2021-05-23;ADA;46,0;2019-02-19;0,0;80,89;OK
2021-05-23;ADA;151,4;2019-02-19;0,0;266,23;OK
2021-05-23;ADA;807,2;2019-02-19;0,0;1419,43;OK
2021-05-23;ADA;456,2;2019-02-19;0,0;802,21;OK
2021-05-23;ADA;156,0;2019-02-19;0,0;274,32;OK
2021-05-23;ADA;250,0;2019-02-19;0,0;439,62;OK
2021-05-23;ADA;99,7;2019-02-19;0,0;175,32;OK
2021-05-23;ADA;237,3;2019-02-19;0,0;417,28;OK
2021-05-23;ADA;52,3;2019-02-19;0,0;91,97;OK
2021-05-23;ADA;2131,9;2019-02-19;0,0;3748,88;OK
2021-05-23;ADA;100,0;2019-02-19;0,0;15973,53;OK
2021-05-23;ADA;636,7;2019-02-19;0,0;3280,76;OK
2021-05-23;ADA;45,6;2019-02-19;0,0;234,97;OK
2021-05-23;ADA;205,9;2019-02-19;0,0;1060,95;OK
2021-05-23;ADA;2211,8;2019-02-19;0,0;11396,85;OK
2021-05-24;ADA;45,5;2019-02-19;0,0;56,24;OK
2021-05-24;ADA;197,21;2019-02-19;0,0;243,75;OK
2021-05-24;ADA;134,13;2019-02-19;0,0;265,13;OK
2021-05-24;ADA;80,38;2019-02-19;0,0;265,13;OK
2021-05-24;ADA;80,99;2019-02-19;0,0;12347,0;OK
2021-05-24;ADA;2007,29;2019-02-19;0,0;2498,64;OK
2021-05-24;ADA;51,6;2019-02-19;0,0;64,23;OK
2021-05-24;ADA;3282,4;2019-02-19;0,0;4085,87;OK
2021-05-24;ADA;161,8;2019-02-19;0,0;201,41;OK
2021-05-24;ADA;40,0;2019-02-19;0,0;49,79;OK
2021-05-24;ADA;46,0;2019-02-19;0,0;57,26;OK
2021-05-24;ADA;151,4;2019-02-19;0,0;188,46;OK
2021-05-24;ADA;807,2;2019-02-19;0,0;1004,79;OK
2021-05-24;ADA;456,2;2019-02-19;0,0;567,87;OK
2021-05-24;ADA;156,0;2019-02-19;0,0;194,19;OK
2021-05-24;ADA;250,0;2019-02-19;0,0;311,2;OK
2021-05-24;ADA;99,7;2019-02-19;0,0;124,1;OK
2021-05-24;ADA;237,3;2019-02-19;0,0;295,39;OK
2021-05-24;ADA;52,3;2019-02-19;0,0;65,1;OK
2021-05-24;ADA;2119,82;2019-02-19;0,0;2638,71;OK
2021-05-24;ADA;748,78;2019-02-19;0,0;924,29;OK
2021-05-24;ADA;45,6;2019-02-19;0,0;56,29;OK
2021-05-24;ADA;205,9;2019-02-19;0,0;254,16;OK
2021-05-24;ADA;2500,0;2019-02-19;0,0;3086,0;OK
2021-05-24;ADA;52,8;2019-02-19;0,0;65,18;OK
2021-05-24;ADA;322,7;2019-02-19;0,0;398,34;OK
2021-05-24;ADA;150,1;2019-02-19;0,0;185,28;OK
2021-05-24;ADA;150,0;2019-02-19;0,0;185,16;OK
2021-05-24;ADA;712,0;2019-02-19;0,0;878,89;OK
2021-05-24;ADA;118,9;2019-02-19;0,0;146,77;OK
2021-05-24;ADA;45,5;2019-02-19;0,0;56,17;OK
2021-05-24;ADA;2500,0;2019-02-19;0,0;3086,0;OK
2021-05-24;ADA;51,6;2019-02-19;0,0;63,7;OK
2021-05-24;ADA;2396,12;2019-02-19;0,0;2957,77;OK
2021-05-24;ADA;79,65;2019-02-19;0,0;11794,88;OK
2021-05-24;ADA;176,05;2019-02-19;0,0;11794,88;OK
2021-05-24;ADA;630,58;2019-02-19;0,0;1503,24;OK
2021-05-24;ADA;161,8;2019-02-19;0,0;385,71;OK
2021-05-24;ADA;40,0;2019-02-19;0,0;95,36;OK
2021-05-24;ADA;46,0;2019-02-19;0,0;109,66;OK
2021-05-24;ADA;151,4;2019-02-19;0,0;360,92;OK
2021-05-24;ADA;807,2;2019-02-19;0,0;1924,28;OK
2021-05-24;ADA;456,2;2019-02-19;0,0;1087,53;OK
2021-05-24;ADA;156,0;2019-02-19;0,0;371,89;OK
2021-05-24;ADA;250,0;2019-02-19;0,0;595,97;OK
2021-05-24;ADA;99,7;2019-02-19;0,0;237,67;OK
2021-05-24;ADA;237,3;2019-02-19;0,0;565,7;OK
2021-05-24;ADA;52,3;2019-02-19;0,0;124,68;OK
2021-05-24;ADA;1859,25;2019-02-19;0,0;4432,26;OK
2021-05-24;ADA;1009,35;2019-02-19;0,0;2743,76;OK
2021-05-24;ADA;45,6;2019-02-19;0,0;123,96;OK
2021-05-24;ADA;205,9;2019-02-19;0,0;559,71;OK
2021-05-24;ADA;2500,0;2019-02-19;0,0;6795,85;OK
2021-05-24;ADA;52,8;2019-02-19;0,0;143,53;OK
2021-05-24;ADA;322,7;2019-02-19;0,0;877,21;OK
2021-05-24;ADA;150,1;2019-02-19;0,0;408,02;OK
2021-05-24;ADA;52,55;2019-02-19;0,0;142,85;OK
2021-05-24;ADA;0,35;2019-02-19;0,0;11794,88;OK
2021-05-24;ADA;49,0;2019-02-19;0,0;12784,32;OK
2021-05-24;ADA;48,1;2019-02-19;0,0;409,95;OK
2021-05-24;ADA;712,0;2019-02-19;0,0;6068,29;OK
2021-05-24;ADA;118,9;2019-02-19;0,0;1013,37;OK
2021-05-24;ADA;45,5;2019-02-19;0,0;387,79;OK
2021-05-24;ADA;575,5;2019-02-19;0,0;4904,92;OK
2021-05-24;ADA;1924,5;2019-02-19;0,0;2811,02;OK
2021-05-24;ADA;51,6;2019-02-19;0,0;75,37;OK
2021-05-24;ADA;3282,4;2019-02-19;0,0;4794,43;OK
2021-05-24;ADA;161,8;2019-02-19;0,0;236,33;OK
2021-05-24;ADA;40,0;2019-02-19;0,0;58,43;OK
2021-05-24;ADA;46,0;2019-02-19;0,0;67,19;OK
2021-05-24;ADA;151,4;2019-02-19;0,0;221,14;OK
2021-05-24;ADA;807,2;2019-02-19;0,0;1179,03;OK
2021-05-24;ADA;456,2;2019-02-19;0,0;666,35;OK
2021-05-24;ADA;156,0;2019-02-19;0,0;227,86;OK
2021-05-24;ADA;250,0;2019-02-19;0,0;365,16;OK
2021-05-24;ADA;99,7;2019-02-19;0,0;145,63;OK
2021-05-24;ADA;237,3;2019-02-19;0,0;346,61;OK
2021-05-24;ADA;52,3;2019-02-19;0,0;76,39;OK
2021-05-24;ADA;1036,1;2019-02-19;0,0;1513,38;OK
2021-05-26;THETA;20,166;2019-04-10;0,0;4999,61;OK
2021-05-26;THETA;106,934;2019-04-10;0,0;2372,96;OK
2021-05-26;THETA;47,0;2021-05-11;0,0;1042,97;OK
2021-05-26;THETA;47,0;2019-02-19;0,0;1042,97;OK
2021-05-26;THETA;24,366;2021-05-11;0,0;540,7;OK
2021-05-26;THETA;20,069;2021-05-11;0,0;4999,61;OK
2021-05-26;THETA;30,254;2021-05-11;0,0;4999,61;OK
2021-05-26;THETA;235,944;2021-05-11;0,0;4999,61;OK
2021-05-26;THETA;19,367;2021-05-11;0,0;1549,07;OK
2021-05-26;THETA;43,14;2019-02-19;0,0;3450,55;OK
2021-05-26;THETA;20,161;2019-02-19;0,0;4999,61;OK
2021-05-26;THETA;181,0;2019-02-19;0,0;4999,61;OK
2021-05-26;THETA;66,601;2019-02-19;0,0;4999,61;OK
2021-05-26;THETA;19,098;2019-02-19;0,0;242,32;OK
2021-05-26;THETA;5,855;2021-05-25;0,0;74,29;OK
2021-05-26;THETA;29,635;2021-05-25;0,0;316,61;OK
