Data_Venda;Moeda;Quantidade;Data_Aquisição;Custo_Aquisição;Valor_Venda;Resultado
2021-01-20;ADA;40,0;2019-07-02;0,0;11,91;11,91
2021-01-20;ADA;46,0;2019-07-02;0,0;13,7;13,7
2021-01-20;ADA;114,0;2019-07-02;0,0;33,95;33,95
2021-02-14;ADA;23,7;2019-07-02;0,0;35,28;35,28
2021-02-14;ADA;13,7;2019-07-02;0,0;19,34;19,34
2021-02-14;ADA;11,3;2019-07-02;0,0;15,95;15,95
2021-02-20;ADA;261,0;2019-07-02;0,0;228,01;228,01
2021-02-20;ADA;195,2;2019-07-02;0,0;181,45;181,45
2021-02-20;ADA;65,6;2019-07-02;0,0;60,98;60,98
2021-02-20;ADA;16,7;2019-07-02;0,0;242,43;242,43
2021-02-20;ADA;27,7;2019-07-02;0,0;87,97;87,97
2021-02-20;ADA;46,0;2019-07-02;0,0;55,44;55,44
2021-02-20;ADA;27,0;2019-07-02;0,0;32,54;32,54
2021-02-20;ADA;27,7;2019-07-02;0,0;24,2;24,2
2021-02-20;ADA;76,7;2019-07-02;0,0;67,01;67,01
2021-02-20;ADA;114,2;2019-07-02;0,0;99,77;99,77
2021-02-20;ADA;4,4;2019-07-02;0,0;56,22;56,22
2021-02-20;ADA;12,4;2019-07-02;0,0;158,43;158,43
2021-02-20;ADA;87,3;2019-07-02;0,0;81,86;81,86
2021-02-20;ADA;141,6;2019-07-02;0,0;132,78;132,78
2021-02-20;ADA;95,7;2019-07-02;0,0;349,47;349,47
2021-02-20;ADA;52,3;2019-07-02;0,0;190,99;190,99
2021-02-20;ADA;599,7;2019-07-02;0,0;2189,95;2189,95
2021-02-20;ADA;2268,9;2019-07-02;0,0;2605,47;2605,47
2021-02-20;ADA;45,6;2019-07-02;0,0;52,36;52,36
2021-02-20;ADA;63,2;2019-07-02;0,0;72,58;72,58
2021-02-20;ADA;38,1;2019-07-02;0,0;96,01;96,01
2021-02-20;ADA;33,7;2019-07-02;0,0;96,01;96,01
2021-02-20;ADA;38,1;2019-07-02;0,0;96,01;96,01
2021-02-20;ADA;32,8;2019-07-02;0,0;61,15;61,15
2021-02-20;ADA;0,8;2019-07-02;0,0;1,49;1,49
2021-02-20;ADA;38,1;2019-07-02;0,0;62,64;62,64
2021-02-20;ADA;60,5;2019-07-02;0,0;106,49;106,49
2021-02-20;ADA;33,6;2019-07-02;0,0;106,49;106,49
2021-02-20;ADA;27,8;2019-07-02;0,0;106,49;106,49
2021-02-20;ADA;27,8;2019-07-02;0,0;24,29;24,29
2021-02-20;ADA;2311,4;2019-07-02;0,0;3234,37;3234,37
2021-02-20;ADA;52,8;2019-07-02;0,0;73,88;73,88
2021-02-20;ADA;322,7;2019-07-02;0,0;451,56;451,56
2021-02-20;ADA;150,1;2019-07-02;0,0;210,04;210,04
2021-02-20;ADA;150,0;2019-07-02;0,0;209,9;209,9
2021-02-20;ADA;712,0;2019-07-02;0,0;996,31;996,31
2021-02-20;ADA;118,9;2019-02-19;0,0;166,38;166,38
2021-02-20;ADA;45,5;2019-02-19;0,0;63,67;63,67
2021-02-20;ADA;2500,0;2019-02-19;0,0;3498,28;3498,28
2021-02-20;ADA;51,6;2019-02-19;0,0;72,2;72,2
2021-02-20;ADA;1982,0;2019-02-19;0,0;2773,43;2773,43
2021-02-20;ADA;76,9;2019-02-19;0,0;11750,01;11750,01
2021-02-20;ADA;1223,5;2019-02-19;0,0;2905,39;2905,39
2021-02-20;ADA;161,8;2019-02-19;0,0;384,22;384,22
2021-02-20;ADA;40,0;2019-02-19;0,0;94,99;94,99
2021-02-20;ADA;46,0;2019-02-19;0,0;109,23;109,23
2021-02-20;ADA;151,4;2019-02-19;0,0;359,52;359,52
2021-02-20;ADA;807,2;2019-02-19;0,0;1916,82;1916,82
2021-02-20;ADA;456,2;2019-02-19;0,0;1083,32;1083,32
2021-02-20;ADA;156,0;2019-02-19;0,0;370,45;370,45
2021-02-20;ADA;250,0;2019-02-19;0,0;593,66;593,66
2021-02-20;ADA;99,7;2019-02-19;0,0;236,75;236,75
2021-02-20;ADA;237,3;2019-02-19;0,0;563,5;563,5
2021-02-20;ADA;52,3;2019-02-19;0,0;124,19;124,19
2021-02-20;ADA;1266,7;2019-02-19;0,0;3007,97;3007,97
2021-02-20;ADA;27,8;2019-02-19;0,0;11750,01;11750,01
2021-03-31;BNB;3,924;2018-12-26;0,0;1446,38;1446,38
2021-03-31;BNB;4,781721;2019-02-01;0,0;1762,54;1762,54
2021-03-31;BNB;1,093488;2019-02-01;0,0;403,06;403,06
2021-03-31;BNB;20,329791;2019-02-01;0,0;7493,54;7493,54
2021-03-31;BNB;6,668637;2019-02-01;0,0;5339,1;5339,1
2021-03-31;BNB;3,924;2019-02-01;0,0;3141,67;3141,67
2021-03-31;BNB;3,278363;2019-04-19;0,0;2624,75;2624,75
2021-04-02;BTC;0,000371;2019-04-02;0,0;51,33;51,33
2021-04-02;BTC;0,000649;2019-04-02;0,0;51,33;51,33
2021-04-02;BTC;0,000648;2019-04-02;0,0;901,14;901,14
2021-04-02;BTC;0,000648;2019-04-02;0,0;901,14;901,14
2021-04-02;BTC;0,008178;2019-04-02;0,0;901,14;901,14
2021-04-02;BTC;0,008432;2019-04-02;0,0;901,14;901,14
2021-04-02;BTC;0,00102414;2019-04-02;0,0;51,54;51,54
2021-04-02;BTC;0,00740786;2019-08-04;0,0;372,81;372,81
2021-04-02;BTC;0,008432;2019-08-04;0,0;3655,81;3655,81
2021-04-02;BTC;0,000992;2019-08-04;0,0;3655,81;3655,81
2021-04-02;BTC;0,00455958;2019-08-04;0,0;2569,99;2569,99
2021-04-02;BTC;0,00192642;2019-04-03;0,0;1085,82;1085,82
2021-04-02;BTC;0,006486;2019-04-03;0,0;3655,81;3655,81
2021-04-02;BTC;0,01297902;2019-04-03;0,0;944,33;944,33
2021-04-02;BTC;0,00648934;2019-08-04;0,0;472,15;472,15
2021-04-02;BTC;0,00648934;2019-04-03;0,0;472,15;472,15
2021-04-02;BTC;0,00150304;2019-09-04;0,0;109,36;109,36
2021-04-02;BTC;0,00150304;2019-05-15;0,0;109,36;109,36
2021-04-02;BTC;0,02128222;2019-09-04;0,0;1548,46;1548,46
2021-04-02;ETH;0,17914776;2019-01-28;0,0;1268,19;1268,19
2021-04-02;ETH;0,31463224;2019-02-19;0,0;2227,29;2227,29
2021-04-02;ETH;0,28836;2019-02-19;0,0;3495,48;3495,48
2021-04-02;ETH;0,35893;2019-02-19;0,0;3495,48;3495,48
2021-04-02;ETH;0,21424264;2019-02-19;0,0;2086,43;2086,43
2021-04-02;ETH;0,14468736;2019-02-19;0,0;1409,05;1409,05
2021-04-02;ETH;0,5;2019-02-19;0,0;3495,48;3495,48
2021-04-02;ADA;732,3;2019-02-19;0,0;3077,67;3077,67
2021-04-02;ADA;409,7;2019-02-19;0,0;3077,67;3077,67
2021-04-02;ADA;432,1;2019-02-19;0,0;2382,84;2382,84
2021-04-02;ADA;45,6;2019-02-19;0,0;251,46;251,46
2021-04-02;ADA;80,4;2019-02-19;0,0;443,37;443,37
2021-04-02;ADA;125,5;2019-02-19;0,0;1225,79;1225,79
2021-04-02;ADA;189,6;2019-02-19;0,0;1851,88;1851,88
2021-04-02;ADA;611,2;2019-02-19;0,0;3077,67;3077,67
2021-04-02;ADA;373,6;2019-02-19;0,0;3077,67;3077,67
2021-04-18;ADA;118,9;2019-02-19;0,0;1735,85;1735,85
2021-04-18;ADA;45,5;2019-02-19;0,0;664,27;664,27
2021-04-18;ADA;878,8;2019-02-19;0,0;12829,82;12829,82
2021-04-18;ADA;94,9;2019-02-19;0,0;15229,93;15229,93
2021-04-18;ADA;300,0;2019-02-19;0,0;15229,93;15229,93
2021-04-18;ADA;1226,3;2019-02-19;0,0;15207,61;15207,61
2021-04-18;ADA;1,8;2019-02-19;0,0;22,32;22,32
2021-04-18;ADA;49,8;2019-02-19;0,0;447,81;447,81
2021-04-18;ADA;1643,9;2019-02-19;0,0;14782,12;14782,12
2021-04-18;ADA;1638,5;2019-02-19;0,0;2481,55;2481,55
2021-04-18;ADA;161,8;2019-02-19;0,0;245,05;245,05
2021-04-18;ADA;40,0;2019-02-19;0,0;60,58;60,58
2021-04-18;ADA;46,0;2019-02-19;0,0;69,67;69,67
2021-04-18;ADA;151,4;2019-02-19;0,0;229,3;229,3
2021-04-18;ADA;807,2;2019-02-19;0,0;1222,53;1222,53
2021-04-18;ADA;456,2;2019-02-19;0,0;690,93;690,93
2021-04-18;ADA;156,0;2019-02-19;0,0;236,27;236,27
2021-04-18;ADA;250,0;2019-02-19;0,0;378,63;378,63
2021-04-18;ADA;99,7;2019-02-19;0,0;151,0;151,0
2021-04-18;ADA;237,3;2019-02-19;0,0;359,4;359,4
2021-04-18;ADA;52,3;2019-02-19;0,0;79,21;79,21
2021-04-18;ADA;2868,6;2019-02-19;0,0;4344,57;4344,57
2021-04-18;ADA;45,6;2019-02-19;0,0;69,06;69,06
2021-04-18;ADA;205,9;2019-02-19;0,0;311,84;311,84
2021-04-18;ADA;2500,0;2019-02-19;0,0;3786,32;3786,32
2021-04-18;ADA;52,8;2019-02-19;0,0;79,97;79,97
2021-04-18;ADA;286,6;2019-02-19;0,0;434,06;434,06
2021-04-18;ADA;36,1;2019-02-19;0,0;5793,47;5793,47
2021-04-18;ADA;58,8;2019-02-19;0,0;9436,46;9436,46
2021-04-19;VET;400,0;2020-07-16;0,0;79,96;79,96
2021-04-19;VET;400,0;2020-07-16;0,0;79,96;79,96
2021-04-19;VET;400,0;2020-07-16;0,0;79,96;79,96
2021-04-19;VET;400,0;2020-07-16;0,0;79,96;79,96
2021-04-19;VET;19431,0;2020-07-16;0,0;3884,26;3884,26
2021-04-19;VET;14712,0;2020-07-16;0,0;2940,93;2940,93
2021-04-19;VET;400,0;2020-07-16;0,0;79,96;79,96
2021-04-19;VET;400,0;2020-07-16;0,0;79,96;79,96
2021-04-19;VET;1002,0;2019-07-12;0,0;200,3;200,3
2021-04-19;VET;13207,4;2019-07-12;0,0;2640,16;2640,16
2021-04-19;ADA;19,3;2019-02-19;0,0;19,67;19,67
2021-04-19;ADA;19,1;2019-02-19;0,0;38,94;38,94
2021-04-19;ADA;19,1;2019-02-19;0,0;38,94;38,94
2021-04-19;ADA;33,8;2019-02-19;0,0;34,7;34,7
2021-04-19;ADA;150,0;2019-02-19;0,0;154,01;154,01
2021-04-19;ADA;712,0;2019-02-19;0,0;731,04;731,04
2021-04-19;ADA;118,9;2019-02-19;0,0;122,08;122,08
2021-04-19;ADA;45,5;2019-02-19;0,0;46,72;46,72
2021-04-19;ADA;1613,0;2019-02-19;0,0;1656,13;1656,13
2021-04-19;ADA;19,3;2019-02-19;0,0;2744,68;2744,68
2021-05-06;ADA;51,6;2019-02-19;0,0;71,35;71,35
2021-05-06;ADA;1514,4;2019-02-19;0,0;2093,96;2093,96
2021-05-07;AVAX;21,0;2021-01-24;0,0;740,14;740,14
2021-05-07;AVAX;0,8;2021-01-24;0,0;28,2;28,2
2021-05-07;AVAX;21,0;2019-07-18;0,0;740,14;740,14
2021-05-07;AVAX;0,8;2019-07-18;0,0;28,2;28,2
2021-05-07;AVAX;3,474;2019-07-26;0,0;122,44;122,44
2021-05-09;ADA;1058,36;2019-02-19;0,0;11284,46;11284,46
2021-05-09;ADA;709,64;2019-02-19;0,0;1412,08;1412,08
2021-05-09;ADA;161,8;2019-02-19;0,0;321,96;321,96
2021-05-09;ADA;40,0;2019-02-19;0,0;79,59;79,59
2021-05-09;ADA;46,0;2019-02-19;0,0;91,53;91,53
2021-05-09;ADA;151,4;2019-02-19;0,0;301,26;301,26
2021-05-09;ADA;807,2;2019-02-19;0,0;1606,21;1606,21
2021-05-09;ADA;456,2;2019-02-19;0,0;907,77;907,77
2021-05-09;ADA;156,0;2019-02-19;0,0;310,42;310,42
2021-05-09;ADA;250,0;2019-02-19;0,0;497,46;497,46
2021-05-09;ADA;99,7;2019-02-19;0,0;198,39;198,39
2021-05-09;ADA;237,3;2019-02-19;0,0;472,19;472,19
2021-05-09;ADA;52,3;2019-02-19;0,0;104,07;104,07
2021-05-09;ADA;2503,46;2019-02-19;0,0;4981,52;4981,52
2021-05-09;ADA;365,14;2019-02-19;0,0;3244,42;3244,42
2021-05-09;ADA;45,6;2019-02-19;0,0;405,17;405,17
2021-05-09;ADA;205,9;2019-02-19;0,0;1829,5;1829,5
2021-05-09;ADA;653,36;2019-02-19;0,0;5805,37;5805,37
2021-05-09;ADA;0,64;2019-02-19;0,0;0,9;0,9
2021-05-15;ADA;998,93;2019-02-19;0,0;2017,81;2017,81
2021-05-15;ADA;6,01;2019-02-19;0,0;2017,81;2017,81
2021-05-15;ADA;131,0;2019-02-19;0,0;2017,81;2017,81
2021-05-15;ADA;63,71;2019-02-19;0,0;2017,81;2017,81
2021-05-15;ADA;0,35;2019-02-19;0,0;0,59;0,59
2021-05-20;VET;400,0;2019-07-12;0,0;266,93;266,93
2021-05-20;VET;400,0;2019-07-12;0,0;266,93;266,93
2021-05-20;VET;400,0;2019-07-12;0,0;266,93;266,93
2021-05-20;VET;400,0;2019-07-12;0,0;266,93;266,93
2021-05-20;VET;3275,26;2019-07-12;0,0;2185,62;2185,62
2021-05-20;VET;5640,29;2019-07-12;0,0;3253,32;3253,32
2021-05-20;VET;4000,0;2019-07-12;0,0;3253,32;3253,32
2021-05-20;VET;849,44;2019-07-12;0,0;3253,32;3253,32
2021-05-20;VET;5666,01;2019-07-12;0,0;1392,35;1392,35
2021-05-20;VET;7573,0;2019-07-12;0,0;1860,97;1860,97
2021-05-20;AVAX;17,526;2019-07-26;0,0;440,39;440,39
2021-05-20;AVAX;0,8;2019-07-26;0,0;20,1;20,1
2021-05-20;AVAX;59,7;2021-01-25;0,0;1500,12;1500,12
2021-05-20;AVAX;59,7;2019-05-01;0,0;1500,12;1500,12
2021-05-20;AVAX;27,0;2021-01-25;0,0;678,45;678,45
2021-05-20;AVAX;8,6;2021-01-25;0,0;216,1;216,1
2021-05-20;AVAX;29,3;2021-01-25;0,0;736,24;736,24
2021-05-20;AVAX;12,332;2021-01-25;0,0;309,88;309,88
2021-05-20;AVAX;22,895;2021-01-25;0,0;5401,4;5401,4
2021-05-20;XRP;72,9;2019-05-29;0,0;89,5;89,5
2021-05-20;XRP;72,9;2019-01-28;0,0;89,5;89,5
2021-05-20;XRP;79,0;2019-05-29;0,0;96,99;96,99
2021-05-20;XRP;112,5;2019-05-29;0,0;138,12;138,12
2021-05-20;XRP;79,0;2019-01-28;0,0;96,99;96,99
2021-05-20;XRP;112,5;2019-01-28;0,0;138,12;138,12
2021-05-20;XRP;79,0;2019-01-28;0,0;96,99;96,99
2021-05-20;XRP;112,5;2019-01-28;0,0;138,12;138,12
2021-05-20;XRP;18,8;2019-05-29;0,0;23,08;23,08
2021-05-20;XRP;118,6;2019-05-29;0,0;145,61;145,61
2021-05-20;XRP;18,8;2019-01-28;0,0;23,08;23,08
2021-05-20;XRP;118,6;2019-01-28;0,0;145,61;145,61
2021-05-20;XRP;18,8;2019-01-28;0,0;23,08;23,08
2021-05-20;XRP;118,6;2019-01-28;0,0;145,61;145,61
2021-05-20;XRP;366,78;2019-05-29;0,0;450,32;450,32
2021-05-20;XRP;295,87;2019-05-29;0,0;1840,75;1840,75
2021-05-21;THETA;3,0;2021-04-05;0,0;26,51;26,51
2021-05-21;THETA;3,0;2019-09-04;0,0;26,51;26,51
2021-05-21;THETA;56,0;2021-04-05;0,0;494,83;494,83
2021-05-21;THETA;56,0;2019-01-02;0,0;494,83;494,83
2021-05-21;THETA;49,6;2021-04-05;0,0;438,28;438,28
2021-05-21;THETA;49,6;2019-09-04;0,0;438,28;438,28
2021-05-21;THETA;346,978;2021-04-05;0,0;3066,01;3066,01
2021-05-21;THETA;48,522;2021-04-05;0,0;763,26;763,26
2021-05-21;THETA;268,4;2019-07-25;0,0;4222,0;4222,0
2021-05-23;LINK;21,0;2019-08-09;0,0;352,48;352,48
2021-05-23;LINK;29,0;2019-08-09;0,0;486,76;486,76
2021-05-23;LINK;50,0;2019-08-09;0,0;841,05;841,05
2021-05-23;LINK;50,0;2019-08-09;0,0;833,8;833,8
2021-05-23;LINK;50,0;2019-08-09;0,0;837,25;837,25
2021-05-23;LINK;50,0;2019-08-09;0,0;837,8;837,8
2021-05-23;ETH;2,5;2019-02-19;0,0;4431,8;4431,8
2021-05-23;ETH;0,9625602;2019-02-19;0,0;1710,3;1710,3
2021-05-23;ETH;0,019277;2019-02-19;0,0;34,25;34,25
2021-05-23;ETH;0,27064796;2019-02-19;0,0;480,89;480,89
2021-05-23;ETH;0,17914776;2019-02-19;0,0;318,31;318,31
2021-05-23;ETH;1,06836708;2019-05-21;0,0;1898,3;1898,3
2021-05-23;ADA;27,21;2019-02-19;0,0;53,83;53,83
2021-05-23;ADA;23,58;2019-02-19;0,0;53,83;53,83
2021-05-23;ADA;271,91;2019-02-19;0,0;1557,64;1557,64
2021-05-23;ADA;150,1;2019-02-19;0,0;859,85;859,85
2021-05-23;ADA;150,0;2019-02-19;0,0;859,28;859,28
2021-05-23;ADA;712,0;2019-02-19;0,0;4078,69;4078,69
2021-05-23;ADA;118,9;2019-02-19;0,0;681,12;681,12
2021-05-23;ADA;45,5;2019-02-19;0,0;260,65;260,65
2021-05-23;ADA;1340,02;2019-02-19;0,0;7676,31;7676,31
2021-05-23;ADA;1159,98;2019-02-19;0,0;2039,79;2039,79
2021-05-23;ADA;51,6;2019-02-19;0,0;90,74;90,74
2021-05-23;ADA;3282,4;2019-02-19;0,0;5771,99;5771,99
2021-05-23;ADA;161,8;2019-02-19;0,0;284,52;284,52
2021-05-23;ADA;40,0;2019-02-19;0,0;70,34;70,34
2021-05-23;ADA;46,0;2019-02-19;0,0;80,89;80,89
2021-05-23;ADA;151,4;2019-02-19;0,0;266,23;266,23
2021-05-23;ADA;807,2;2019-02-19;0,0;1419,43;1419,43
2021-05-23;ADA;456,2;2019-02-19;0,0;802,21;802,21
2021-05-23;ADA;156,0;2019-02-19;0,0;274,32;274,32
2021-05-23;ADA;250,0;2019-02-19;0,0;439,62;439,62
2021-05-23;ADA;99,7;2019-02-19;0,0;175,32;175,32
2021-05-23;ADA;237,3;2019-02-19;0,0;417,28;417,28
2021-05-23;ADA;52,3;2019-02-19;0,0;91,97;91,97
2021-05-23;ADA;2131,9;2019-02-19;0,0;3748,88;3748,88
2021-05-23;ADA;100,0;2019-02-19;0,0;15973,53;15973,53
2021-05-23;ADA;636,7;2019-02-19;0,0;3280,76;3280,76
2021-05-23;ADA;45,6;2019-02-19;0,0;234,97;234,97
2021-05-23;ADA;205,9;2019-02-19;0,0;1060,95;1060,95
2021-05-23;ADA;2211,8;2019-02-19;0,0;11396,85;11396,85
2021-05-24;ADA;45,5;2019-02-19;0,0;56,24;56,24
2021-05-24;ADA;197,21;2019-02-19;0,0;243,75;243,75
2021-05-24;ADA;134,13;2019-02-19;0,0;165,78;165,78
2021-05-24;ADA;80,38;2019-02-19;0,0;99,35;99,35
2021-05-24;ADA;80,99;2019-02-19;0,0;12347,0;12347,0
2021-05-24;ADA;2007,29;2019-02-19;0,0;2498,64;2498,64
2021-05-24;ADA;51,6;2019-02-19;0,0;64,23;64,23
2021-05-24;ADA;3282,4;2019-02-19;0,0;4085,87;4085,87
2021-05-24;ADA;161,8;2019-02-19;0,0;201,41;201,41
2021-05-24;ADA;40,0;2019-02-19;0,0;49,79;49,79
2021-05-24;ADA;46,0;2019-02-19;0,0;57,26;57,26
2021-05-24;ADA;151,4;2019-02-19;0,0;188,46;188,46
2021-05-24;ADA;807,2;2019-02-19;0,0;1004,79;1004,79
2021-05-24;ADA;456,2;2019-02-19;0,0;567,87;567,87
2021-05-24;ADA;156,0;2019-02-19;0,0;194,19;194,19
2021-05-24;ADA;250,0;2019-02-19;0,0;311,2;311,2
2021-05-24;ADA;99,7;2019-02-19;0,0;124,1;124,1
2021-05-24;ADA;237,3;2019-02-19;0,0;295,39;295,39
2021-05-24;ADA;52,3;2019-02-19;0,0;65,1;65,1
2021-05-24;ADA;2119,82;2019-02-19;0,0;2638,71;2638,71
2021-05-24;ADA;748,78;2019-02-19;0,0;924,29;924,29
2021-05-24;ADA;45,6;2019-02-19;0,0;56,29;56,29
2021-05-24;ADA;205,9;2019-02-19;0,0;254,16;254,16
2021-05-24;ADA;2500,0;2019-02-19;0,0;3086,0;3086,0
2021-05-24;ADA;52,8;2019-02-19;0,0;65,18;65,18
2021-05-24;ADA;322,7;2019-02-19;0,0;398,34;398,34
2021-05-24;ADA;150,1;2019-02-19;0,0;185,28;185,28
2021-05-24;ADA;150,0;2019-02-19;0,0;185,16;185,16
2021-05-24;ADA;712,0;2019-02-19;0,0;878,89;878,89
2021-05-24;ADA;118,9;2019-02-19;0,0;146,77;146,77
2021-05-24;ADA;45,5;2019-02-19;0,0;56,17;56,17
2021-05-24;ADA;2500,0;2019-02-19;0,0;3086,0;3086,0
2021-05-24;ADA;51,6;2019-02-19;0,0;63,7;63,7
2021-05-24;ADA;2396,12;2019-02-19;0,0;2957,77;2957,77
2021-05-24;ADA;79,65;2019-02-19;0,0;11794,88;11794,88
2021-05-24;ADA;176,05;2019-02-19;0,0;11794,88;11794,88
2021-05-24;ADA;630,58;2019-02-19;0,0;1503,24;1503,24
2021-05-24;ADA;161,8;2019-02-19;0,0;385,71;385,71
2021-05-24;ADA;40,0;2019-02-19;0,0;95,36;95,36
2021-05-24;ADA;46,0;2019-02-19;0,0;109,66;109,66
2021-05-24;ADA;151,4;2019-02-19;0,0;360,92;360,92
2021-05-24;ADA;807,2;2019-02-19;0,0;1924,28;1924,28
2021-05-24;ADA;456,2;2019-02-19;0,0;1087,53;1087,53
2021-05-24;ADA;156,0;2019-02-19;0,0;371,89;371,89
2021-05-24;ADA;250,0;2019-02-19;0,0;595,97;595,97
2021-05-24;ADA;99,7;2019-02-19;0,0;237,67;237,67
2021-05-24;ADA;237,3;2019-02-19;0,0;565,7;565,7
2021-05-24;ADA;52,3;2019-02-19;0,0;124,68;124,68
2021-05-24;ADA;1859,25;2019-02-19;0,0;4432,26;4432,26
2021-05-24;ADA;1009,35;2019-02-19;0,0;2743,76;2743,76
2021-05-24;ADA;45,6;2019-02-19;0,0;123,96;123,96
2021-05-24;ADA;205,9;2019-02-19;0,0;559,71;559,71
2021-05-24;ADA;2500,0;2019-02-19;0,0;6795,85;6795,85
2021-05-24;ADA;52,8;2019-02-19;0,0;143,53;143,53
2021-05-24;ADA;322,7;2019-02-19;0,0;877,21;877,21
2021-05-24;ADA;150,1;2019-02-19;0,0;408,02;408,02
2021-05-24;ADA;52,55;2019-02-19;0,0;142,85;142,85
2021-05-24;ADA;0,35;2019-02-19;0,0;11794,88;11794,88
2021-05-24;ADA;49,0;2019-02-19;0,0;12784,32;12784,32
2021-05-24;ADA;48,1;2019-02-19;0,0;409,95;409,95
2021-05-24;ADA;712,0;2019-02-19;0,0;6068,29;6068,29
2021-05-24;ADA;118,9;2019-02-19;0,0;1013,37;1013,37
2021-05-24;ADA;45,5;2019-02-19;0,0;387,79;387,79
2021-05-24;ADA;575,5;2019-02-19;0,0;4904,92;4904,92
2021-05-24;ADA;1924,5;2019-02-19;0,0;2811,02;2811,02
2021-05-24;ADA;51,6;2019-02-19;0,0;75,37;75,37
2021-05-24;ADA;3282,4;2019-02-19;0,0;4794,43;4794,43
2021-05-24;ADA;161,8;2019-02-19;0,0;236,33;236,33
2021-05-24;ADA;40,0;2019-02-19;0,0;58,43;58,43
2021-05-24;ADA;46,0;2019-02-19;0,0;67,19;67,19
2021-05-24;ADA;151,4;2019-02-19;0,0;221,14;221,14
2021-05-24;ADA;807,2;2019-02-19;0,0;1179,03;1179,03
2021-05-24;ADA;456,2;2019-02-19;0,0;666,35;666,35
2021-05-24;ADA;156,0;2019-02-19;0,0;227,86;227,86
2021-05-24;ADA;250,0;2019-02-19;0,0;365,16;365,16
2021-05-24;ADA;99,7;2019-02-19;0,0;145,63;145,63
2021-05-24;ADA;237,3;2019-02-19;0,0;346,61;346,61
2021-05-24;ADA;52,3;2019-02-19;0,0;76,39;76,39
2021-05-24;ADA;1036,1;2019-02-19;0,0;1513,38;1513,38
2021-05-26;THETA;20,166;2019-07-25;0,0;3563,53;3563,53
2021-05-26;THETA;106,934;2019-07-25;0,0;1691,35;1691,35
2021-05-26;THETA;47,0;2021-05-11;0,0;743,39;743,39
2021-05-26;THETA;47,0;2019-02-19;0,0;743,39;743,39
2021-05-26;THETA;24,366;2021-05-11;0,0;385,39;385,39
2021-05-26;THETA;20,069;2021-05-11;0,0;3563,53;3563,53
2021-05-26;THETA;30,254;2021-05-11;0,0;3563,53;3563,53
2021-05-26;THETA;235,944;2021-05-11;0,0;3563,53;3563,53
2021-05-26;THETA;19,367;2021-05-11;0,0;1104,11;1104,11
2021-05-26;THETA;43,14;2019-02-19;0,0;2459,41;2459,41
2021-05-26;THETA;20,161;2019-02-19;0,0;3563,53;3563,53
2021-05-26;THETA;181,0;2019-02-19;0,0;1436,09;1436,09
2021-05-26;THETA;66,601;2019-02-19;0,0;1436,09;1436,09
2021-05-26;THETA;19,098;2019-02-19;0,0;242,32;242,32
2021-05-26;THETA;5,855;2021-05-25;0,0;74,29;74,29
2021-05-26;THETA;29,635;2021-05-25;0,0;316,61;316,61
